<xml xmlns="https://developers.google.com/blockly/xml" id="toolbox" style="display: none">
  <category name="CAMERA-RISC V" colour="#cb2026" icon="camera">\
    <block type="init_camera_uart">
        <value name="TX_PIN"></value>
        <value name="RX_PIN"></value>
        <value name="BAUDRATE">
        <shadow type="math_number">
          <field name="NUM">115200</field>
        </shadow>
      </value>
    </block>
    <block type="get_camera_data">
        <value name="INDEX"></value>
    </block>
  </category>
</xml>
